food	spicy
food	coffeeaddict
food	orange
food	chocolate
food	fish
food	fries
food	potato
food	food
food	tasty
food	foodie
food	candy
food	restaurant
food	finedining
food	rootbeer
food	cocktails
food	beer
food	tea
food	drink
food	soda
food	juice
food	krispykreme
food	coffee
food	latte
food	redvelvet
food	poutine
food	yummy
food	foodporn
food	healthyeating
food	mojito
food	lunch
food	schoollunch
food	barbecue
food	dinner
food	sugar
food	strawberries
food	breakfast
food	tequila
food	tacos
food	cake
food	recipe
food	wine
food	freefood
food	protein
food	mocha
food	bacon
food	waffles
food	icecream
food	craftbeer
food	kitchen
food	kitchens
food	watermelon
food	bbq
food	fruit
food	burger
food	cookbook
food	recipes
food	organic
food	pizza
food	hotchocolate
food	mcdonalds
food	cafe
food	pies
food	cakes
food	pudding
food	peach
food	mushroom
food	pepsi
food	redlobster
food	peas
food	monsanto
food	rice
food	oreo
food	yummers
food	guac
food	vegan
food	bean
food	starbucks
food	comfortfood
food	instafood
food	lunchbreak
food	gingerbread
food	delicious
food	yums
food	mixology
food	nomnom
food	kellogg
food	superfood
food	nespresso
food	cookies
food	dessert
food	macaron
food	calcium
food	chicken
food	toast
food	applepie
food	cinnabon
food	coffe
food	donuts
food	eatclean
food	calories
food	herbalife24
food	herbalife
food	oatmeal
food	vegetables
food	potatoes
food	cabbage
food	carrots
food	eatright
food	salad
food	glutenfree
food	catering
food	cleaneating
food	snack
food	veggies
food	veg
food	raspberries
food	pomegranate
food	energydrink
food	dish
food	corn
food	mayo
food	cocoa
food	nuts
food	blueberries
food	applebees
food	macarons
food	traderjoes
food	coconut
food	pistachio
food	saltedcaramel
food	kale
food	onion
food	dough
food	pastry
food	oats
food	gelato
food	veggie
food	fastfood
food	soup
food	doughnuts
food	flavor
food	cookout
food	bojangles
food	baking
food	shrimp
food	egg
food	seafood
food	eatmorefish
food	cupcakes
food	bake
food	yogurt
food	strawberry
food	granola
food	walnuts
food	foodsafety
food	avocados
food	fruits
food	oliveoil
food	wholegrain
food	fiber
food	dietitian
food	myplate
food	foodiechats
food	realfood
food	foodfri
food	dairy
food	pumpkin
food	foodies
food	eggs
food	tempura
food	cheese
food	garlicbread
food	greenbeans
food	bread
food	cabernet
food	cuisine
food	lollipop
food	drinking
food	vegetarian
food	waffle
food	chipotle
food	snickers
food	kfc
food	sauce
food	peppers
food	eat
food	nationalcookieday
food	snacks
food	ramen
food	scrumptious
food	margarita
food	eggnog
food	sausages
food	chocolatechip
food	pasta
food	mozzarella
food	cheddar
food	roasted
food	pepperoni
food	salami
food	yegfood
food	greatfood
food	rye
food	fishandchips
food	sandwich
food	beetroot
food	cranberry
food	buffet
food	blueberry
food	goodfood
food	spaghetti
food	evoo
food	mondelez
food	cadbury
food	vegetable
food	haribo
food	sushi
food	pinot
food	winechat
food	winewednesday
food	tasting
food	olives
food	vineyard
food	wino
food	chardonnay
food	milkshake
food	nzwine
food	grapes
food	ham
food	merlot
food	winelover
food	winetasting
food	winecountry
food	bcwine
food	foodietravel
food	moscato
food	meat
food	farmtotable
food	tuna
food	eating
food	choco
food	streetfood
food	foodtrip
food	grilled
food	yummyinmytummy
food	pineapple
food	homebrew
food	gluten
food	soy
food	yummm
food	muffins
food	cheerios
food	chocolatemilk
food	milk
food	almonds
food	kiwi
food	smoothie
food	salt
food	beans
food	juicing
food	groceries
food	mango
food	cookbooks
food	healthyfood
food	grape
food	cherry
food	berries
food	banana
food	tangerine
food	pancake
food	oranges
food	foodblog
food	foodgasm
food	spices
food	juicecleanse
food	yoghurt
food	blackberries
food	greensmoothie
food	proteinshake
food	desserts
food	foodphotography
food	vitamins
food	greentea
food	pineapples
food	vegansofig
food	grocery
food	carbs
food	nom
food	crepes
food	crepe
food	cherries
food	pornfood
food	delish
food	apples
food	prawns
food	oysters
food	hamburgers
food	heineken
food	grocerystore
food	eats
food	cookie
food	frenchfries
food	vawine
food	smores
food	oreos
food	dairyqueen
food	reeses
food	hummus
food	cookiedough
food	vanilla
food	hungry
food	cravings
food	cheesecake
food	reese
food	brownie
food	brownies
food	miam
food	cooking
food	cook
food	lovefood
food	nestle
food	benandjerrys
food	flavour
food	pizzahut
food	birthdaycake
food	godiva
food	truffle
food	pillsbury
food	whitechocolate
food	yumm
food	yummmm
food	sprinkles
food	nutella
food	slowcooker
food	gluttony
food	sohungry
food	burgers
food	steak
food	fried
food	lunchtime
food	stirfry
food	mccafe
food	bakery
food	dunkindonuts
food	blt
food	halal
food	casserole
food	italianfood
food	sausage
food	hashbrowns
food	croissant
food	hotdog
food	omelette
food	onions
food	tart
food	mushrooms
food	hashbrown
food	parsley
food	tomato
food	crab
food	dominos
food	lettuce
food	pork
food	broccoli
food	sourdough
food	brie
food	creamcheese
food	cinnamon
food	tomatoes
food	macncheese
food	gravy
food	supper
food	appetizer
food	brisket
food	latkes
food	dumplings
food	winery
food	dinnertime
food	cappuccino
food	eatlocal
food	toffee
food	chips
food	restaurants
food	culinary
food	garlic
food	greggs
food	porridge
food	meal
food	donut
food	cupcake
food	caramel
food	doughnut
food	biscuit
food	sweetpotato
food	sprouts
food	foodfact
food	guacamole
food	avocado
food	zucchini
food	cucumber
food	brunch
food	pickles
food	mexicanfood
food	friedchicken
food	hotpot
food	sweetpotatoes
food	spinach
food	lemons
food	bananas
food	salmon
food	eggwhites
food	stew
food	beverage
food	paella
food	grains
food	cognac
food	walnut
food	brew
food	grilling
food	spice
food	hazelnut
food	olive
food	herbs
food	govegan
food	brewery
food	superfoods
food	peanut
food	tiumeals
food	almond
food	nongmo
food	deltaco
food	munchies
food	tacotuesday
food	taco
food	ketchup
food	burritos
food	beef
food	champagne
food	turkeys
food	jackdaniels
food	crackers
food	beerporn
food	wagamama
food	pumpkinspice
food	paleo
food	tweetwhatyoueat
food	carnivore
food	nandos
food	ilovefood
food	salads
food	steaks
food	steakhouse
food	pancakes
food	shakes
food	smoothies
food	panini
food	soups
food	bagels
food	ayce
food	allyoucaneat
food	quinoa
food	grain
food	eathealthy
food	sandwiches
food	eatfresh
food	flaxseed
food	meals
food	rosemary
food	sunflowerseeds
food	snacking
food	sesame
food	cucumbers
food	scones
food	pumpkinpie
food	lunchspecials
food	meatlessmonday
food	mashedpotatoes
food	yams
food	pie
food	hotdogs
food	mulberry
food	chef
food	couscous
food	bagel
food	teatime
food	afternoontea
food	budlight
food	matcha
food	coffeetime
food	foodpic
food	whippedcream
food	mcdo
food	pecan
food	turnip
food	biscuits
food	noodles
food	lemonade
food	wholefoods
food	foiegras
food	yumyumyum
food	cheatmeal
food	poodle
food	poptarts
food	yumyum
food	chickenwings
food	candycorn
food	butter
food	slowfood
food	gourmet
food	foodiefriday
food	thanksgivingdinner
food	pastries
food	lobster
food	sashimi
food	fajitas
food	foodstagram
food	benihana
food	beers
food	chopsticks
food	sake
food	prosecco
food	budweiser
food	fudge
food	chocoholic
food	marshmellow
food	noms
food	peppermint
food	sodelicious
food	lamb
food	cauliflower
food	chai
food	winemaking
food	japanesefood
food	wines
food	greenjuice
food	margaritas
food	nomnomnom
food	cranberries
food	truffles
food	soybeans
food	bigmac
food	carrot
food	cooked
food	muffin
food	grapefruit
food	creamy
food	coffeebean
food	kombucha
food	tapas
food	doritos
food	peaches
food	haggis
food	beverages
food	marmite
food	vitaminc
food	baked
food	burrito
food	fondue
food	tavern
food	diner
food	prawn
food	asparagus
food	chili
food	balsamic
food	mussels
food	bluecheese
food	lasagna
food	meatballs
food	eggplant
food	kebab
food	fanta
food	sprite
food	tostitos
food	crockpot
food	cheesy
food	junkfood
food	foods
food	foodpics
food	eataly
food	vitamix
food	chocolat
food	burgerking
food	slurp
food	chilli
food	pringles
food	curry
food	queso
food	breakfastofchampions
food	vinegar
food	nutrients
food	whatsfordinner
food	savory
food	cilantro
food	sardines
food	ale
food	recipeoftheday
food	chefs
food	yummo
food	bourbon
food	oyster
food	cheflife
food	pepper
food	lindt
food	localfood
food	cheesesteak
food	mustard
food	omnomnom
food	nori
food	turmeric
food	wasabi
food	caviar
food	weddingcake
food	ceviche
food	foodcoma
food	onionrings
food	jamieoliver
food	coolwhip
food	pesto
food	frozenyogurt
food	ingredients
food	nutritious
food	coconuts
food	seaweed
food	panera
food	twinkies
food	macandcheese
food	kraft
food	pulledpork
food	grilledcheese
food	breadsticks
food	cornbread
food	coleslaw
food	porkchops
food	cerveza
food	healthysnacks
food	frenchtoast
food	scone
food	froyo
food	hersheys
food	gfree
food	dairyfree
food	foodallergies
food	sugarfree
food	foodallergy
food	lowcarb
food	agribusiness
food	maplesyrup
food	stout
food	caffeineaddict
food	coconutmilk
food	icook
food	dimsum
food	cheesecakefactory
food	pumpkinspicelatte
food	soyummy
food	aspartame
food	healthysnack
food	latenightsnack
food	stevia
food	darkchocolate
food	rawfood
food	greekyogurt
food	raisins
food	celery
food	miso
food	tofu
food	soyfree
food	pinkberry
food	deliciousness
food	realbread
food	takeaway
food	papaya
food	coffeelover
food	nut
food	chorizo
food	coconutoil
food	twix
food	crunchy
food	marshmallow
food	bacardi
food	quiche
food	tilapia
food	artichokes
food	gastronomy
food	marshmallows
food	midnightsnack
food	breakfastfordinner
food	kelloggs
food	chocolates
food	baileys
food	pepsico
food	wheatgrass
food	nachos
food	chinesefood
food	whataburger
food	jambajuice
food	teacup
food	biggreenegg
food	eatgood
food	udon
food	candies
food	melon
food	chia
food	orangejuice
food	pretzels
food	tortilla
food	acai
food	cacao
food	pistachios
food	almondmilk
food	flax
food	chiaseeds
food	goji
food	maca
food	latteart
food	calamari
food	coconutwater
food	cider
food	smirnoff
food	beets
food	oat
food	icedtea
food	cookin
food	soymilk
food	brownrice
food	lowfat
food	lactosefree
food	macaroons
food	vegans
food	jamon
food	poptart
food	cronut
food	7up
food	nogmos
food	scallops
food	crawfish
food	greenapple
food	clams
food	crayfish
food	sundaydinner
food	shellfish
food	coffeecake
food	feta
food	asianfood
food	pfchangs
food	passionfruit
food	chickfila
food	amaretto
food	lowcal
food	chilis
food	sundae
food	hamburger
food	desayuno
food	indianfood
food	sweettreats
food	appetizers
food	foodspotting
food	puggle
food	stellaartois
food	chow
food	leftover
food	mojitos
food	bloodymarys
food	applesauce
food	bonappetit
food	sundayroast
food	hersheyskitchens
food	radish
food	figs
food	grits
food	foodheaven
food	foodlover
food	panerabread
food	grassfed
food	soybean
food	nocarbs
food	fennel
food	basil
food	butterfinger
food	alfredo
food	noodle
food	disaronno
food	bushmills
food	poultry
food	dinnertonight
food	foodpeople
food	pantrychat
food	omelet
food	sundaysupper
food	vegetarians
food	cheetos
food	bananabread
food	chard
food	shallots
food	thyme
food	kksignature
food	healthyrecipes
food	eatinghealthy
food	teriyaki
food	homecooking
food	falafel
food	foodholiday
food	thaifood
food	wafflehouse
food	bestfood
food	vanillabean
food	extravirgin
food	pauladeen
food	oregano
food	eggfree
food	horticulture
food	omnom
food	filetmignon
food	tiramisu
food	slurpee
food	parmesan
food	parsnips
food	wintermelon
food	kraftessentials
food	mediterraneandiet
food	cheflove
food	tabasco
food	periperi
food	meatfreemonday
food	loveeverymouthful
food	meatless
food	weekendeats
food	chseats
food	fwchat
food	oreidahashbrn
food	f00dp0rn
food	kitkat
food	petco
food	wfp
games	grandtheftauto5
games	mw2
games	multiplayer
games	gamecube
games	mw3
games	miiverse
games	dota2
games	ffxiv
games	godofwar
games	magicthegathering
games	ffx
games	skyrim
games	gameblogs
games	grandtheftauto
games	jrpg
games	dreamcast
games	killzone
games	yahtzee
games	wiiu
games	metalgear
games	uncharted
games	castlevania
games	nintendo3ds
games	starcraft
games	bioshock
games	skylanders
games	nds
games	diablo3
games	mariokart
games	ps2
games	activision
games	rockstargames
games	metalgearsolid
games	mortalkombat
games	callofduty
games	snes
games	fps
games	donkeykong
games	ps1
games	n64
games	3ds
games	nes
games	bioshockinfinite
games	eshop
games	psvita
games	gtaonline
games	playstation
games	newtoy
games	esports
games	wii
games	sega
games	worldofwarcraft
games	ryse
games	xbox360
games	gtav
games	psn
games	togepi
games	psplus
games	freetoplay
games	runescape
games	gamefly
games	scrabble
games	callofdutyghosts
games	controller
games	starfox
games	gamersunite
games	madden
games	battlefield3
games	mtg
games	retrogaming
games	supermariobros
games	gamestop
games	regginator
games	videogames
games	nintendo
games	xbox
games	jenga
games	mmorpg
games	granturismo6
games	xbla
games	gameboy
games	xboxlive
games	grandtheftautov
games	pinball
games	mmo
games	ps3
games	finalfantasy
games	raymanlegends
games	frogger
games	ps4
games	playstation3
games	starcraft2
games	goty
games	mlg
games	battlefield
games	tetris
games	watchdogs
games	dnd
games	warcraft
games	candyland
games	borderlands
games	swtor
games	juiced
games	dreamhack
games	rayman
games	videogame
games	3dsxl
games	sm3dw
games	d20
games	squareenix
games	unity3d
games	grid2
games	psp
games	csgo
games	zelda
games	gamergirl
games	gta5
games	yoshi
games	battlefield4
games	capcom
games	4theplayers
games	codghosts
games	xcom
games	playstation4
games	valve
games	socialclub
games	blizzcon
games	rift
games	simcity
games	greatnessawaits
games	playstationmemories
games	rocksmith
games	gaming
games	konami
games	cod
games	borderlands2
games	ubisoft
games	ps4share
games	gameplay
games	assetstore
games	megaman
games	sc2
games	minecraft
games	guitarhero
games	rpg
games	onlinepoker
games	tgnarmy
games	dhw13
games	atari
games	xbone
games	driveclub
games	blackops2
games	poker
games	thelastofus
games	console
games	gamers
games	bioware
games	steam
games	callofdutytime
games	arcade
games	beerpong
games	craps
games	dishonored
games	fifa14
games	trueachievement
games	assassinscreed
games	gamer
games	flashgames
games	pokemonxy
games	supermario3dworld
games	mgs
games	tombraider
games	leagueoflegends
games	hearthstone
games	secondlife
games	ac4
games	blackops
games	machinima
games	roulette
games	vita
games	blackjack
games	spaceinvaders
games	dungeonsanddragons
games	ac4blackflag
games	instagame
games	animalcrossing
games	neverwinter
games	pcgaming
games	luigi
games	gamescom
games	pes2013
games	pacman
games	familygamenight
games	gta
games	dlc
games	xboxone
games	gt6
games	chess
games	halo
games	gamingnews
games	pokemon
games	bf3
games	supermario
games	laracroft
games	needforspeed
games	dice
games	deadrising3
games	mario
games	kinect
games	easports
games	quidditch
games	game
games	lottery
games	myign
games	winitwed
games	acnl
games	nba2k14
games	cheats
games	bf4
games	blackflag
games	wsop
games	snooker
games	checkers
games	streetfighter
games	legomarvel
games	gametime
games	deathfire
games	fruitninja
games	pcmasterrace
games	ign
games	farmville
games	gamedev
games	titanfall
games	sims
games	games
games	masseffect
games	forza5
games	eveonline
games	guildwars2
games	madden25
games	angrybirds
games	csrracing
health	pediatric
health	childhoodcancer
health	movember
health	rehab
health	cancer
health	health
health	getfit
health	healthylifestyle
health	nutrition
health	yoga
health	weightloss
health	facelift
health	botox
health	dental
health	teeth
health	phobia
health	aids
health	zumba
health	menshealth
health	caregiver
health	eldercare
health	nursing
health	ayurveda
health	hypnosis
health	childcare
health	disabilities
health	adhd
health	kidshealth
health	mentalhealth
health	fightaids
health	worldaidsday
health	dentist
health	doctor
health	reiki
health	ptsd
health	genes
health	genetics
health	emr
health	pharma
health	autism
health	hiv
health	medicine
health	brain
health	rna
health	fda
health	pain
health	anxiety
health	psychology
health	insomnia
health	depression
health	asthma
health	condoms
health	chronicpain
health	fibromyalgia
health	breastcancer
health	publichealth
health	chiropractic
health	injury
health	virus
health	std
health	milhealth
health	multiplesclerosis
health	fibro
health	chronicillness
health	lymedisease
health	lyme
health	lupus
health	parkinsons
health	nih
health	crps
health	illness
health	painmanagement
health	mindfulness
health	cosmetics
health	dentistry
health	omega3
health	antioxidants
health	inflammation
health	obesity
health	heartattack
health	pesticides
health	handwashing
health	hormones
health	insomniac
health	biceps
health	p90x
health	focust25
health	mhsm
health	hcsm
health	eatingdisorders
health	mentalillness
health	idpd
health	ageing
health	treatment
health	disability
health	nicotine
health	clinicaltrials
health	wdc2013
health	diabetes
health	sleepdeprived
health	depressed
health	heartdisease
health	cdc
health	vitamind
health	insulin
health	overweight
health	respiratory
health	prostatecancer
health	hepatitis
health	hepb
health	hepc
health	hcv
health	addiction
health	infection
health	hepatitisc
health	liver
health	hbv
health	transplants
health	clinical
health	genetic
health	biomedical
health	surgery
health	cbt
health	hospital
health	mrsa
health	sepsis
health	antibiotics
health	germs
health	contraception
health	syphilis
health	herpes
health	gonorrhea
health	chlamydia
health	stds
health	gettested
health	norovirus
health	diagnosis
health	medschool
health	meded
health	maternity
health	acupuncture
health	clinicians
health	ivf
health	drug
health	amnesia
health	clinic
health	sanitation
health	breastcancerawareness
health	holistic
health	healthtips
health	healthtalk
health	hearthealth
health	gethealthy
health	microbiome
health	oncology
health	ehealth
health	cancersucks
health	condom
health	thisability
health	alcoholic
health	parkinson
health	alzheimer
health	alzheimers
health	disease
health	eyesight
health	stemcells
health	als
health	endalz
health	dementia
health	stemcell
health	kidney
health	caregiving
health	neurology
health	symptoms
health	neuroscience
health	psychiatry
health	dystonia
health	microbiology
health	xray
health	downsyndrome
health	musictherapy
health	vaccines
health	tuberculosis
health	influenza
health	flu
health	flushot
health	cervical
health	vaccination
health	hpv
health	polio
health	cholera
health	measles
health	medicines
health	immunization
health	birdflu
health	nurses
health	diseases
health	immune
health	malaria
health	pediatrics
health	toxins
health	vaccinations
health	bigpharma
health	medicare
health	swollen
health	osha
health	skincare
health	skin
health	homeremedy
health	physician
health	cpr
health	blooddrive
health	longevity
health	physio
health	aromatherapy
health	antiaging
health	backpain
health	chakra
health	painrelief
health	kundalini
health	anatomy
health	tylenol
health	advil
health	smokers
health	knee
health	sids
health	giftoflife
health	migraine
health	homecare
health	sunscreen
health	unaids
health	aidsfree
health	wad2013
health	biotech
health	bioscience
health	biotechnology
health	medicaldevice
health	cardiovascular
health	cancers
health	sexualhealth
health	rehabilitation
health	seniorcitizens
health	drugabuse
health	telehealth
health	personalizedmedicine
health	healthinsurance
health	disabledclients
health	forcedbi
health	cigarettes
health	pharmaceutical
health	cough
health	hairloss
health	colds
health	eczema
health	diarrhea
health	selfharm
health	prevent
health	thighs
health	crohns
health	plasticsurgery
health	doctors
health	cholesterol
health	skincancer
health	pregnancy
health	hypnotherapy
health	allergy
health	menopause
health	alcoholism
health	pneumonia
health	therapist
health	dengue
health	tumor
health	substanceabuse
health	medication
health	physicians
health	osteoporosis
health	transplant
health	patienteducation
health	chemo
health	adderall
health	pms
health	organdonation
health	raredisease
health	carers
health	epilepsy
health	brca
health	melanoma
health	pmtct
health	prochoice
health	snoring
health	dentaljobs
health	assistedliving
health	memorycare
health	probiotics
health	magnesium
health	constipation
health	stomach
health	physicaltherapy
health	mhchat
health	diabetics
health	prescription
health	ppd
health	coeliac
health	psychotic
health	ehr
health	icd10
health	primarycare
health	healthit
health	rsna13
health	hospitals
health	patientcare
health	telemedicine
health	premed
health	autistic
health	coma
health	mnd
health	chiropractor
health	coloncancer
health	allergies
health	dermatology
health	radiology
health	afib
health	pancreatic
health	lungcancer
health	lcsm
health	abortions
health	hazmat
health	cardiac
health	toxic
health	thyroid
health	bioethics
health	lungs
health	biopharma
health	walgreens
health	cvd
health	cardiology
health	statins
health	chd
health	stroke
health	fertility
health	digitalhealth
health	t1d
health	jdrf
health	hypertension
health	caregivers
health	type1
health	type2
health	remedies
health	dentalhealth
health	diabetic
health	melatonin
health	futuremed
health	epatient
health	vitamin
health	nerves
health	medstudent
health	myeloma
health	anorexia
health	bulimia
health	circumcision
health	aspergers
health	braintumorthursday
health	metabolism
health	molecular
health	ulcerativecolitis
health	rheum
health	bts13
health	immunology
health	glaucoma
health	meddevice
health	efsa
health	bayer
health	ambulance
health	hcit
health	mdchat
health	rnchat
health	healthcareit
health	healthtip
health	endorphins
health	antioxidant
health	healthinfo
health	resveratrol
health	deaf
health	colorblind
health	tooth
health	spinabifida
health	socialcare
health	oralhealth
health	healthnews
health	tinnitus
health	hearingaids
health	dyslexic
health	hep
health	essentialoils
health	chemotherapy
health	bacteria
health	arthritis
health	himss
health	hypothermia
health	colitis
health	autoimmune
health	ovarian
health	migraines
health	childhealth
health	aidsfreegen
health	abcdrbchat
health	headaches
health	phobias
health	multscler
health	alz
health	mri
health	sdoh
health	bcsm
health	bloodpressure
health	asbestos
health	seizures
health	doula
health	midwives
health	childbirth
health	eatingdisorder
health	osteoarthritis
health	eyehealth
health	addicts
health	painkillers
health	infections
health	medicaldevices
health	overdose
health	medigap
health	cancerawareness
health	longtermcare
health	yellowfever
health	cdnhealth
health	blisters
health	mcat
health	givehope
health	pfizer
health	aafp
health	hemophilia
health	ash13
health	pcmh
health	ptsafety
health	aspirin
health	paleodiet
health	maternalhealth
health	endometriosis
health	hivaids
health	leukemia
health	lymphoma
health	contraceptives
health	euthanasia
health	hix
health	daycare
health	mobilehealth
health	kensingtonandchelsea
health	palliativecare
health	healthtech
health	pepfar
health	diabetesmonth
health	blindness
health	hygiene
health	asperger
health	pharmacist
health	counselling
health	schizophrenia
health	endcancer
health	hospice
health	healers
health	healthcosts
health	animaltesting
health	healer
health	psychotherapy
health	cysticfibrosis
health	lung
health	spine
health	sarcoma
health	novartis
health	palliative
health	epidemiology
health	invisalign
health	nyquil
health	fasd
health	tumors
health	superbugs
health	hgh
health	patientpower
health	vmmc
health	sleepapnea
health	homeremedies
health	insurers
health	maternal
health	postpartum
health	healthier
health	giveblood
health	thinspiration
health	sicklecell
health	lasik
health	prostate
health	preemie
health	meningitis
health	pertussis
health	contraceptive
health	patientsafety
health	readmissions
health	highbloodpressure
health	salmonella
health	antidepressants
health	pandemic
health	breastmilk
health	memoryloss
health	mayoclinic
health	psoriasis
health	vaccinate
health	h7n9
health	antibiotic
health	morphine
health	mesothelioma
health	phealth
health	braincancer
health	infertility
health	healthlit
health	healthcarejobs
health	ecoli
health	bleedingdisorders
health	stopsmoking
health	livercancer
health	pathogenposse
health	genomic
health	arsenic
health	braininjury
health	pharmacists
health	h5n1
health	h6n1
health	swineflu
health	h1n1pdm09
health	h3n2v
health	sars
health	ncov
health	coronavirus
health	beta2c
health	h1n1
health	rheumatoid
health	alssymp
health	docresponse
health	medicaljobs
health	nurseeducator
health	crpd
health	epharma
health	ftpharma
health	donateblood
movies	disneychannel
movies	hollyoaks
movies	emmerdale
movies	frasier
movies	prisonbreak
movies	greysanatomy
movies	winxclub
movies	torchwood
movies	theoc
movies	foxhd
movies	butters
movies	charmed
movies	burnnotice
movies	eastenders
movies	himym
movies	rugrats
movies	whovians
movies	movietime
movies	americandad
movies	whovian
movies	ncis
movies	icarly
movies	itv2
movies	woops
movies	singoff
movies	sg1
movies	mentalist
movies	cartoonnetwork
movies	seinfeld
movies	sesamestreet
movies	chickflick
movies	abfab
movies	bringbackbrian
movies	dayofthedoctor
movies	itv1
movies	more4
movies	oltl
movies	twinpeaks
movies	davidtennant
movies	labrats
movies	adultswim
movies	innerspace
movies	bbuk
movies	se7en
movies	xfiles
movies	teennick
movies	familyguy
movies	cbbc
movies	supertroopers
movies	bigbird
movies	madtv
movies	buffy
movies	prallstars
movies	entourage
movies	spongebobsquarepants
movies	teenwolf
movies	oscars
movies	thesimpsons
movies	cinemax
movies	scoobydoo
movies	hbogo
movies	alphas
movies	mythbusters
movies	waynesworld
movies	atwt
movies	bafta
movies	bazinga
movies	cookiemonster
movies	cabletvcomedy
movies	cartman
movies	mattsmith
movies	doctorwho
movies	30rock
movies	kuwtk
movies	lnjf
movies	anewhope
movies	tng
movies	gleek
movies	youngjustice
movies	boondocks
movies	caprica
movies	drwho
movies	rhobh
movies	simpsons
movies	politicsnation
movies	smallville
movies	sopranos
movies	samcro
movies	americanpie
movies	mammamia
movies	jensenackles
movies	thundercats
movies	bbcamerica
movies	showgirls
movies	snl
movies	shrek
movies	kdrama
movies	yaoi
movies	itv
movies	foodnetwork
movies	flashpoint
movies	daria
movies	tvshows
movies	crazies
movies	petercapaldi
movies	ringer
movies	fruitvalestation
movies	coronationstreet
movies	howimetyourmother
movies	tvbromance
movies	matthewmcconaughey
movies	goodfellas
movies	spielberg
movies	roseanne
movies	thestrain
movies	basketballwives
movies	dool
movies	madmax
movies	fullhouse
movies	futurama
movies	juliaroberts
movies	returnofthejedi
movies	scifitv
movies	gremlins
movies	starz
movies	crimewatch
movies	dexter
movies	clonewars
movies	powerrangers
movies	flintstones
movies	mst3k
movies	thebigbangtheory
movies	hallpass
movies	drwho50th
movies	season3
movies	thedoctor
movies	tvgalpals
movies	americanidol
movies	teenmom
movies	weeds
movies	goonies
movies	spock
movies	amc
movies	ironchef
movies	mbc2
movies	trekkie
movies	dvr
movies	spiritawards
movies	nightline
movies	showtime
movies	toonami
movies	sincity
movies	fightclub
movies	scrubs
movies	firefly
movies	hellboy
movies	billmurray
movies	gdny
movies	hgtv
movies	masterchef
movies	clarkkent
movies	hershel
movies	mtv2
movies	boxoffice
movies	bladerunner
movies	dwts
movies	godzilla
movies	gandalf
movies	dalek
movies	syfy
movies	stockfootage
movies	stockvideo
movies	ewok
movies	countryfile
movies	hitrecord
movies	emmastone
movies	nickturtles
movies	heyarnold
movies	imdb
movies	itv4
movies	tardis
movies	bfi
movies	hbo
movies	doctorwho50th
movies	jeopardy
movies	nikita
movies	oth
movies	kajol
movies	treme
movies	uhd
movies	bobafett
movies	filmmaking
movies	ghosthunters
movies	goku
movies	ultrahd
movies	hoarders
movies	bbc3
movies	drakeandjosh
movies	directtv
movies	scifiactor
movies	smackdown
movies	bsg
movies	channel4
movies	bbcone
movies	dramatictvactress
movies	dramatictvactor
movies	tvland
movies	sailormoon
movies	stargate
movies	startrek
movies	leno
movies	sgu
movies	spaceballs
movies	starwars
movies	oldboy
movies	emmy
movies	natgeowild
movies	tvcrimedrama
movies	networktvcomedy
movies	degrassi
movies	nickelodeon
movies	bluejasmine
movies	ironman3
movies	sheldon
movies	tvshow
movies	elmo
movies	antm
movies	crimedrama
movies	voltron
movies	bigbangtheory
movies	brony
movies	chrispine
movies	cmt
movies	moviemagic
movies	skyfall
movies	netflix
movies	fictionaldeathsiwillnevergetover
movies	glee
movies	tangled
movies	festivus
movies	whdt
movies	pixar
movies	deadwood
movies	tbs
movies	toystory
movies	hansolo
movies	spiketv
movies	thetalk
movies	anadventureinspaceandtime
movies	forbes30hollywood
movies	ghostbusters
movies	regularshow
movies	skins
movies	tarzan
movies	tbbt
movies	abcfamily
movies	topgear
movies	7news
movies	dragonballz
movies	jjabrams
movies	mmsflickpicks
movies	sharktank
movies	ageofultron
movies	dateline
movies	iptv
movies	specialeffects
movies	cineworld
movies	maytheforcebewithyou
movies	cabletvactress
movies	xfactor
movies	jamiefoxx
movies	skylife
movies	filmmaker
movies	grindhouse
movies	southpark
movies	onepiece
movies	bbc1
movies	documentaries
movies	numberone
movies	theamazingspiderman
movies	thexfactor
movies	kickass2
movies	entertainmentweekly
movies	gleeseason5
movies	ktla
movies	motd2
movies	scifiactress
movies	thankstostarwars
movies	vfx
movies	etalk
movies	cinematography
movies	bleach
movies	sbtv
movies	trl
movies	directing
movies	flashdance
movies	monstersuniversity
movies	bbc2
movies	dragonball
movies	findingnemo
movies	alecbaldwin
movies	fearfactor
movies	ncisla
movies	vampirediaries
movies	korra
movies	sonsofanarchy
movies	sportscenter
movies	lateline
movies	footloose
movies	foxtel
movies	keithlemon
movies	narnia
movies	bgt
movies	fs1
movies	naruto
movies	fairytail
movies	thecrazyones
movies	dhoom
movies	smaug
movies	stopmotion
movies	thevampirediaries
movies	dreamland
movies	criminalminds
movies	biggboss7
movies	jabbawockeez
movies	kubrick
movies	screenplay
movies	comedicmovieactress
movies	hitandrun
movies	biggboss
movies	channel5
movies	comedycentral
movies	eurotrip
movies	popeye
movies	connectedtv
movies	fma
movies	tonystark
movies	1080p
movies	ny1
movies	timelapse
movies	beetlejuice
movies	bravotv
movies	lsp
movies	chewbacca
movies	walle
movies	nicolascage
movies	moviereview
movies	superman
movies	avengers
movies	7mate
movies	manofsteel
movies	reruns
movies	smurfsvillage
movies	survivorman
movies	darthvader
movies	bbcthree
movies	homevideo
movies	truelife
movies	walterwhite
movies	harleyquinn
movies	adventuretime
movies	josswhedon
movies	soa
movies	totp
movies	csi
movies	oscar
movies	thetomorrowpeople
movies	aquaman
movies	darkknightrises
movies	bambi
movies	hln
movies	horror
movies	veronicamars
movies	aladdin
movies	stern
movies	darkshadows
movies	radio1xtra
movies	hitchcock
movies	kardashians
movies	letterman
movies	stormtroopers
movies	ripperstreet
movies	filmmakers
movies	impactwrestling
movies	shanedawson
movies	espnu
movies	screenwriting
movies	thedarkworld
movies	battlestargalactica
movies	terminator
movies	tvminiseries
movies	theoffice
movies	shameless
movies	antman
movies	bollywood
movies	espn3
movies	grahamnorton
movies	alpacino
movies	cateblanchett
movies	dreamworks
movies	walkingdead
movies	r2d2
movies	fios
movies	batmanvssuperman
movies	danielcraig
movies	skywalker
movies	tivo
movies	catwoman
movies	greenscreen
movies	conan
movies	punisher
movies	movienews
movies	hobbit
movies	justiceleague
movies	hardball
movies	spiderman
movies	leamichele
movies	robertdeniro
movies	tarantino
movies	wolverine
movies	gijoe
movies	stormtrooper
movies	gunday
movies	humpday
movies	lotr
movies	teenagemutantninjaturtles
movies	television
movies	theforce
movies	sith
movies	tmnt
movies	sherlock
movies	roku
movies	bane
movies	bluray
movies	thecw
movies	saturdaynightlive
movies	thedarkknight
movies	amazingspiderman
movies	anime
movies	directv
movies	rapunzel
movies	chandler
movies	timburton
movies	benaffleck
movies	loveline
movies	trakt
movies	bestchristmasmovieever
movies	cumberbatch
movies	hentai
movies	theavengers
movies	nowwatching
movies	goodeats
movies	amas
movies	captainamerica
movies	chrishemsworth
movies	postproduction
movies	scriptchat
movies	dracula
movies	thewalkingdead
movies	batman
movies	thehulk
movies	hercules
movies	hughjackman
movies	animated
movies	christianbale
movies	ksdk
movies	yoda
movies	wfsb
movies	deathstar
movies	thunderball
movies	telemundo
movies	watchespn
movies	killbill
movies	tvguide
movies	skynews
movies	amazingspiderman2
movies	garyoldman
movies	pocahontas
movies	movies
movies	mtv
movies	supernatural
movies	optimusprime
movies	otaku
movies	scarface
movies	thriller
movies	hungergames
movies	looneytunes
movies	lordoftherings
movies	harrypotterforever
movies	godfather
movies	daredevil
movies	jedi
movies	goldfinger
movies	trailer
movies	nbcsn
movies	nightmarebeforechristmas
movies	legolas
movies	roswell
movies	actor
movies	favoritemovie
movies	cspan
movies	movie
movies	frankenstein
movies	wgn
movies	gameofthrones
movies	survivorseries
movies	parenthood
movies	pbs
movies	tomhiddleston
movies	souleater
movies	wonderwoman
movies	krrish3
movies	charliesheen
movies	madmen
movies	wsbtv
movies	peopleschoice
movies	nbcsports
movies	ironman
movies	daysoffuturepast
movies	nitrocircus
movies	beautyandthebeast
movies	cp24
movies	cbb
movies	thor
movies	tiff
movies	bones
movies	titanic
movies	gothamcity
movies	theblacklist
movies	goldeneye
movies	srk
movies	kingkong
movies	katniss
movies	actress
movies	perezhilton
movies	avatar
movies	ouat
movies	dcnation
movies	rippaulwalker
movies	scarlettjohansson
movies	pineappleexpress
movies	merylstreep
movies	hogwarts
movies	juliannemoore
movies	onetreehill
movies	tvtime
movies	xfinity
movies	hignfy
movies	ripd
movies	comcast
movies	nfluk
movies	newsies
movies	simoncowell
movies	abc1
movies	channel9
movies	newshour
movies	carolburnett
movies	thewestwing
movies	thexfactorusa
movies	californication
movies	comedictvactor
movies	despicableme2
movies	woodyharrelson
movies	kristenwiig
movies	gibbs
movies	idiocracy
movies	shortfilms
movies	webcast
movies	alarabiya
movies	avengersassemble
movies	gleeks
movies	riddick
movies	braveheart
movies	brba
movies	mofygiving
movies	cbsnews
movies	zanjeer
movies	monstersinc
movies	personofinterest
movies	mlp
movies	salmankhan
movies	savedbythebell
movies	vod
movies	bettercallsaul
movies	kirstie
movies	ctv
movies	romcom
movies	msnbc
movies	univision
movies	xfactoruk
movies	raisinghope
movies	xf2013
movies	thementalist
movies	rambo
movies	borgen
movies	vhs
movies	films
movies	abcnews
movies	jonathanross
movies	robocop
movies	theheirs
movies	ripcorymonteith
movies	bloopers
movies	sundance
movies	thevow
movies	tvs
movies	actornewtv
movies	wftv
movies	osn
movies	thorthedarkworld
movies	newmovie
movies	raydonovan
movies	almosthuman
movies	itvnews
movies	stv
movies	tvnews
movies	huluplus
movies	goldenglobes
movies	amyadams
movies	bbcpanorama
movies	discoverhaven
movies	akira
movies	talkshow
movies	news19
movies	spikelee
movies	rockyhorror
movies	cinema
movies	americanhustle
movies	mikeandmolly
movies	blockbuster
movies	mediabuzz
movies	johnwayne
movies	elysium
movies	dallasbuyersclub
movies	transformers
movies	wcvb
movies	tonymontana
movies	indianajones
movies	ilovelucy
movies	scifi
movies	doratheexplorer
movies	cabletvdrama
movies	houseofcards
movies	insidellewyndavis
movies	wesanderson
movies	jlaw
movies	eddiemurphy
movies	nbc
movies	hero3
movies	johntravolta
movies	lightsaber
movies	ibnlive
movies	bbc4
movies	redrum
movies	prometheus
movies	smurf
movies	tron
movies	hetalia
movies	classicmovie
movies	attackontitan
movies	cbs
movies	oprahwinfrey
movies	montypython
movies	samandcat
movies	denzelwashington
movies	shaunofthedead
movies	sleepyhollow
movies	tbn
movies	snooki
movies	unfairsalman
movies	twd
movies	realhousewives
movies	bbctw
movies	fox25
movies	stallone
movies	projectrunway
movies	shortfilm
movies	amanpour
movies	mansionelan
movies	redfernnow
movies	todayshow
movies	clooney
movies	spongebob
movies	dredd
movies	wfmy
movies	news10
movies	foxandfriends
movies	colbert
movies	rhony
movies	fatherted
movies	pacificrim
movies	smurfs
movies	ac360
movies	scandai
movies	sethrogen
movies	crimefiction
movies	thesopranos
movies	christopherwalken
movies	cokestudio
movies	film
movies	sytycd
movies	machetekills
movies	ndtv
movies	portlandia
movies	spnfamily
movies	boldandbeautiful
movies	indiefilm
movies	boardwalkempire
movies	dlp
movies	newtvdrama
movies	jenniferlawrence
movies	towie
movies	spartacus
movies	harrisonford
movies	agentsofshield
movies	disneyplanes
movies	dhoom3
movies	woodyallen
movies	sisteract
movies	buzzlightyear
movies	mulan
movies	henrycavill
movies	iffi2013
movies	mobwives
movies	backtothefuture
movies	carrie
movies	bbc
movies	supportindiefilm
movies	thewolverine
movies	xmen
movies	deliveryman
movies	worldwarz
movies	simpson
movies	grimm
movies	tronlegacy
movies	grinch
movies	btvs
movies	hartofdixie
movies	jimcarrey
movies	vincevaughn
movies	emmathompson
movies	thrillers
movies	mattbomer
movies	mtvnews
movies	theshining
movies	bgc11
movies	breakingbad
movies	episodes
movies	thecrow
movies	tomhardy
movies	fallingskies
movies	deniro
movies	fringe
movies	ellendegeneres
movies	littlemermaid
movies	newgirl
movies	liamhemsworth
movies	teamservants
movies	svu
movies	bb7
movies	thebiglebowski
movies	warmbodies
movies	chelsealately
movies	daryldixon
movies	thordarkworld
movies	sharkweek
movies	brucewillis
movies	mylittlepony
movies	percyjackson
movies	warnerbros
movies	prettywoman
movies	legendofkorra
movies	ahsfx
movies	quentintarantino
movies	thedailyshow
movies	murdershewrote
movies	cityofbones
movies	lovethismovie
movies	cbc
movies	btv
movies	djangounchained
movies	thedarkknightrises
movies	billmaher
movies	nph
movies	soafx
movies	gravitymovie
movies	tomcruise
movies	themindyproject
movies	greatactor
movies	magicmike
movies	documentary
movies	womeninfilm
movies	bradleycooper
movies	scarymovie
movies	markwahlberg
movies	howardstern
movies	colbertreport
movies	benedictcumberbatch
movies	zombiesurvival
movies	channingtatum
movies	derek
movies	rhonj
movies	leonardodicaprio
movies	keyandpeele
movies	thehobbit
movies	movie43
movies	arrambam
movies	ashtonkutcher
movies	sherlocklives
movies	thor2
movies	realitytv
movies	jerseyshore
movies	nbcnews
movies	comedinewithme
movies	jamesfranco
movies	heathledger
movies	galgadot
movies	charliehunnam
movies	webseries
movies	milakunis
movies	benstiller
movies	parksandrecreation
movies	halleberry
movies	clinteastwood
movies	ryanreynolds
movies	thickerthanwater
movies	constantine
movies	tvd
movies	hannibal
movies	captainphillips
movies	hangover3
movies	getthelook
movies	voyager
movies	thegodfather
movies	keanureeves
movies	spn
movies	pulpfiction
movies	greys
movies	piratesofthecaribbean
movies	mattdamon
movies	gonewiththewind
movies	christucker
movies	anchorman2
movies	isibaya
movies	orlandobloom
movies	sandrabullock
movies	jackiechan
movies	jacksparrow
movies	gossipgirl
movies	lostgirl
movies	myfoxny
movies	filmfestival
movies	fast6
movies	willferrell
movies	ahs
movies	transformers4
movies	theoneshow
movies	robertdowneyjr
movies	realityshow
movies	jasonstatham
movies	bradpitt
movies	catchingfire
movies	jurassicpark
movies	thegreatgatsby
movies	thehungergames
movies	discoverychannel
movies	ronburgundy
movies	natalieportman
movies	bestmovie
movies	jacknicholson
movies	inthelab
movies	onceuponatime
movies	actors
movies	theoriginals
movies	natgeo
movies	darkknight
movies	bestmovieever
movies	elizabethtaylor
movies	stevemcqueen
movies	moviestar
movies	twilight
movies	sexandthecity
movies	johnnydepp
movies	bettywhite
movies	audreyhepburn
movies	adamsandler
movies	universalstudios
movies	soaps
movies	horriblebosses
movies	jamesdean
movies	kristenstewart
movies	gerardbutler
movies	aceventura
movies	props
movies	khaleesi
movies	paulwalker
movies	alphahouse
movies	savingmrbanks
movies	monstersu
movies	babydaddy
music	music
music	country
music	rock
music	house
music	musicvideo
music	punk
music	metallica
music	concert
music	foofighters
music	electropop
music	hiphop
music	dance
music	band
music	singing
music	metal
music	indie
music	mtvstars
music	blakeshelton
music	michaelbuble
music	rihanna
music	rocknroll
music	playlist
music	metalcore
music	bands
music	chicagomusic
music	bass
music	musical
music	drummer
music	jazz
music	onedirection
music	album
music	motown
music	marvingaye
music	queen
music	stereosonic
music	djlife
music	radio
music	song
music	reggae
music	beethoven
music	littlemix
music	drumandbass
music	rap
music	ilovemusic
music	electro
music	freemusic
music	bassmusic
music	vinyl
music	djmix
music	housemusic
music	rnb
music	funk
music	drumnbass
music	coldplay
music	pop
music	mileycyrus
music	davidguetta
music	dancer
music	gaga
music	musicaltheatre
music	gwenstefani
music	tchaikovsky
music	nutcracker
music	brahms
music	classical
music	ballet
music	classicalmusic
music	bach
music	chopin
music	opera
music	debussy
music	violin
music	symphony
music	wagner
music	thebeatles
music	mozart
music	gershwin
music	ravel
music	elgar
music	britten
music	songoftheday
music	fantasia
music	johnlegend
music	jamming
music	radio2
music	orchestra
music	altband
music	rollingstone
music	paramore
music	collegeradio
music	hiphopartist
music	skrillex
music	grunge
music	fiddle
music	50cent
music	gunit
music	beyonce
music	gospel
music	christmasmusic
music	rapper
music	singer
music	songwriter
music	musician
music	popartist
music	composer
music	acoustic
music	behindthemusic
music	blues
music	hardrock
music	ukulele
music	smashingpumpkins
music	blacksabbath
music	chrisbrown
music	classichiphop
music	rockon
music	lovethissong
music	prog
music	progrock
music	classicrock
music	heavymetal
music	pinkfloyd
music	disco
music	redhotchilipeppers
music	pearljam
music	techno
music	punkrock
music	systemofadown
music	slipknot
music	deftones
music	gunsnroses
music	linkinpark
music	nirvana
music	acdc
music	flute
music	panicatthedisco
music	nowlistening
music	eltonjohn
music	ironmaiden
music	rammstein
music	ledzeppelin
music	therollingstones
music	destinyschild
music	worldmusic
music	onerepublic
music	groupie
music	countrymusic
music	eminem
music	lastfm
music	drdre
music	nickiminaj
music	goodmusic
music	vevo
music	katyperry
music	daftpunk
music	kingofpop
music	sigurros
music	electrohouse
music	drums
music	beliebers
music	soundtracking
music	singers
music	musicmondays
music	duranduran
music	talkingheads
music	melody
music	britney
music	hiphophead
music	rockandroll
music	rockmusic
music	elliegoulding
music	beatbox
music	britneyspears
music	elvis
music	christinaaguilera
music	bieber
music	takethat
music	rollingstones
music	mcbusted
music	mcfly
music	mjfam
music	thesoundofmusic
music	aliciakeys
music	musicmonday
music	soulmusic
music	laurynhill
music	musiclover
music	megadeth
music	thedoors
music	altrock
music	pixies
music	ozzy
music	abba
music	timberlake
music	musica
music	dancemusic
music	beatles
music	krewella
music	michaeljackson
music	rockcity
music	babymakingmusic
music	kpop
music	mgk
music	cyrus
music	soundhound
music	bootleg
music	electronicmusic
music	percussion
music	clapton
music	harmonies
music	samba
music	arcticmonkeys
music	funky
music	chorus
music	aerosmith
music	rapmusic
music	madonna
music	ramones
music	armin
music	musicnews
music	steveaoki
music	beegees
music	gratefuldead
music	santana
music	incubus
music	rockabilly
music	tompetty
music	paulmccartney
music	bobmarley
music	singersongwriter
music	jonasbrothers
music	jamsession
music	brucespringsteen
music	blink182
music	hendrix
music	kurtcobain
music	jimihendrix
music	guitarist
music	elvispresley
music	johnnycash
music	bono
music	rhianna
music	freebandz
music	ska
music	lostprophets
music	newtrack
music	synths
music	evanescence
music	deathmetal
music	greenday
music	synthesizer
music	vma
music	outkast
music	clarinet
music	snsd
music	mixcloud
music	franksinatra
music	nowplay
music	trombone
music	rockshow
music	allhiphop
music	rockband
music	shaggy
music	alternativerock
music	rmx
music	remixes
music	djset
music	pioneerdj
music	gorillaz
music	breakdance
music	shoegaze
music	dreampop
music	bowie
music	pearljam2013
music	vicfirth
music	drumlife
music	marilynmanson
music	mixers
music	blackmetal
music	limpbizkit
music	arethafranklin
music	badreligion
music	nofx
music	sum41
music	rhapsody
music	rocksteady
music	electromusic
music	rapradar
music	soad
music	radiotanpanama
music	alterbridge
music	nowairing
music	yellowcard
music	4minute
music	sistar
music	shinedown
music	zztop
music	wondergirls
music	talkagoodgame
music	switchfoot
music	gangstarr
music	nkotb
music	radiohead
music	stonesour
music	faabradio
music	anberlin
music	rebelution
music	streetstyleradio
music	shinee
music	simpleplan
music	epmd
music	swv
music	roo14wishlist
music	dreamtheater
music	blessthefall
music	rascalflatts
music	ginuwine
music	myplaylist
music	btnh
music	sonisphere
music	2kmr
music	adtr
music	youmeatsix
music	jyj
music	trivium
music	aaliyah
music	zanzana
music	westlife
music	rhcp
music	adaytoremember
music	ledzep
music	goodcharlotte
music	soundgarden
music	beyhive
music	pentatonix
music	illmatic
music	smilers
music	outlawz
music	ymas
music	theblackalbum
music	nickelback
music	lefteye
music	falloutboy
music	afropop
music	3eb
music	internationalhitlist
music	flyleaf
music	awolnation
music	apink
music	itweetmytunes
music	eazye
music	weezer
music	pharrell
music	vanhalen
music	ugk
music	jodeci
music	mase
music	yelawolf
music	pantera
music	kaskade
music	buzzcocks
music	timbaland
music	deadmau5
music	anghami
music	slayer
music	ofwgkta
music	ukiss
music	wwmrradio105theheat
music	wwmr
music	thefame
music	jamiroquai
music	wilco
music	nelly
music	jigga
music	halestorm
music	goodiemob
music	sonando
music	korn
music	jdilla
music	nsync
music	loveontop
music	hatebreed
music	fugazi
music	backstreetboys
music	rakim
music	mdna
music	davegrohl
music	atribecalledquest
music	reggaemusic
music	gangnamstyle
music	muzikkzone
music	raycharles
music	xfm
music	soundcheck
music	jessicasimpson
music	queenbey
music	comeandgetit
music	inxs
music	methodman
music	gotye
music	theedge
music	petshopboys
music	bigboi
music	andre3000
music	chiodos
music	mrscarter
music	coolio
music	tpain
music	hitmusic
music	rickrubin
music	r3hab
music	maroon5
music	afrojack
music	jackson5
music	tenaciousd
music	virginradio96
music	tara
music	blackeyedpeas
music	ceelogreen
music	m83
music	motorhead
music	tuneinapp
music	hitparty
music	jiggaman
music	kellyclarkson
music	turnitup
music	twitmusic
music	pushat
music	kasabian
music	onairnow
music	calvinharris
music	ffdp
music	zacbrownband
music	nowjammin
music	ditc
music	fabolous
music	countryartist
music	afrobeat
music	stillintoyou
music	hellfest
music	backstreetsback
music	norahjones
music	akon
music	lynyrdskynyrd
music	mchg
music	volbeat
music	happybirthdayjayz
music	thejumpoff
music	diplo
music	kissfresh
music	kissismystation
music	bmth
music	styx
music	pryda
music	singersroom
music	boniver
music	favoritesong
music	kraftwerk
music	mccartney
music	rocknews
music	bonjovi
music	d12
music	theblackkeys
music	bbradio
music	december4th
music	jayz
music	dtlrradio
music	teamshady
music	axwell
music	bedhead
music	a7x
music	krewlife
music	mychemicalromance
music	ciara
music	bunb
music	neyo
music	atcq
music	dio
music	fatjoe
music	ccr
music	seanpaul
music	rxrequest
music	freshstartfever
music	tiesto
music	florenceandthemachine
music	songwriters
music	vocalist
music	queenofpop
music	arminvanbuuren
music	queenb
music	alicecooper
music	oasis
music	rundmc
music	deeppurple
music	mrscartershow
music	wakaflocka
music	mickjagger
music	rudimental
music	jedward
music	axisofaudio
music	mblaq
music	slumerican
music	1direction
music	avicii
music	alabamashakes
music	ringostarr
music	rickross
music	thacw
music	newentry
music	vixx
music	fleetwoodmac
music	kara
music	bdm
music	gdragon
music	goodsong
music	rusko
music	zayn
music	emelisande
music	girlpower
music	avrillavigne
music	tweetrequest
music	blackveilbrides
music	alesso
music	girlsgeneration
music	hov
music	louistomlinson
music	holdtight
music	taeyang
music	chillwave
music	lifeisbutadream
music	kerrang
music	nlt
music	thequeen
music	thevapors
music	ugk4life
music	grillz
music	liampayne
music	lastchristmas
music	beachboys
music	thenqm
music	tinaturner
music	aliceinchains
music	newsong
music	showtek
music	ashanti
music	lennon
music	mdnatour
music	milesdavis
music	listeningto
music	niallhoran
music	onrepeat
music	prydz
music	velvetunderground
music	mrscartertour
music	dollyparton
music	defleppard
music	thirdeyeblind
music	musicreview
music	gesaffelstein
music	alltimelow
music	boyziimen
music	jasonaldean
music	bassist
music	knockmadness
music	theprettyreckless
music	motleycrue
music	starsdance
music	thekillers
music	dreamchasers3
music	staythenight
music	bringmethehorizon
music	askingalexandria
music	selenators
music	rippimpc
music	pimpc
music	legohouse
music	lumineers
music	natedogg
music	nustylze
music	biggie
music	ettajames
music	gnr
music	vocals
music	bap
music	theedmsoundofla
music	publicenemy
music	randb
music	fivefingerdeathpunch
music	jamesbrown
music	fallinginreverse
music	mtvbase
music	zendaya
music	arcadefire
music	magnacarterworldtour
music	paiste
music	biebs
music	georgeharrison
music	teambreezy
music	holdonweregoinghome
music	ptx
music	djfunkflexapp
music	mastodon
music	bfmv
music	directioner
music	hedley
music	katycats
music	livonsunday
music	wutangforever
music	electricarea
music	zaynmalik
music	cello
music	cnblue
music	o4lvideo
music	jackwhite
music	rihannanavy
music	kesha
music	midnightmemories
music	slowjams
music	vaterpromotions
music	bustarhymes
music	jamestaylor
music	johnlennon
music	johnmayer
music	joydivision
music	bashment
music	noelgallagher
music	wefoundlove
music	beadyeye
music	tupac
music	earthwindandfire
music	allofme
music	directioners
music	jasonderulo
music	beatmaker
music	hyolyn
political	humanrights
political	tax
political	unitednations
political	justiceforbenghazi4
political	benghazi
political	tcot
political	ccot
political	congress
political	gov
political	civilwar
political	parliament
political	embassy
political	ambassador
political	unemployment
political	peace
political	legalizeit
political	teaparty
political	hitler
political	nazis
political	employment
political	thatcher
political	barackobama
political	obama
political	impeachobama
political	obamacare
political	nobama
political	gop
political	tlot
political	michelleobama
political	whitehouse
political	biden
political	kerry
political	clinton
political	conservatives
political	libcrib
political	democrats
political	ncpol
political	icot
political	nsa
political	dems
political	bcot
political	liberal
political	topprog
political	politics
political	tdot
political	jcot
political	ministry
political	feminism
political	genocide
political	government
political	peacebuilding
political	brokenpromises
political	nato
political	president
political	doj
political	dod
political	ttot
political	healthcare
political	govt
political	reform
political	hr3121
political	prolife
political	defundobamacare
political	txgop
political	txcot
political	mayor
political	corruption
political	cia
political	mossad
political	aipac
political	zionism
political	protest
political	illuminati
political	bilderberg
political	fdi
political	endthefed
political	treason
political	zionists
political	nojustice
political	arabspring
political	volunteers
political	jfk
political	immigrationreform
political	taxreform
political	fixpatents
political	usarmy
political	nhs
political	edreform
political	worldbank
political	gandhi
political	tonyabbott
political	asylumseeker
political	refugees
political	asylumseekers
political	petition
political	debtceiling
political	marriageequality
political	obamas
political	globalization
political	tymoshenko
political	yanukovych
political	medvedev
political	ussr
political	communist
political	berlusconi
political	banksters
political	romney
political	elections
political	fbi
political	conservative
political	geopolitics
political	dem
political	hillary
political	fairtax
political	welfare
political	constitution
political	socialism
political	darkmoney
political	immigration
political	policestate
political	ww3
political	patriotact
political	fascism
political	guncontrol
political	freethe7
political	no2rouhani
political	4newiran
political	statedept
political	iranelection
political	nonucleariran
political	genevatalks
political	freeiran
political	usembassy
political	democracy
political	civilrights
political	votingrights
political	cagov
political	marinecorps
political	political
political	politicians
political	marines
political	terrorist
political	terrorism
political	savesaeed
political	freepress
political	occupy
political	globalwarming
political	wwii
political	watergate
political	dea
political	kennedy
political	lincoln
political	ww1
political	holocaust
political	twintowers
political	pentagon
political	welfarereform
political	candidate
political	boycott
political	refugee
political	taxpayers
political	capitalism
political	wto
political	cdndiversity
political	legislation
political	africarising
political	municipal
political	pension
political	citizens
political	bankruptcy
political	detroitbankruptcy
political	unions
political	communism
political	gdp
political	nazism
political	senate
political	chemtrails
political	abortion
political	noamnesty
political	medicalmarijuana
political	inflation
political	ronpaul
political	davidcameron
political	warcrimes
political	humanright
political	ngo
political	diplomacy
political	unesco
political	nixon
political	thanksobama
political	kurdistan
political	navy
political	activists
political	jobsact
political	democrat
political	unicef
political	endpoverty
political	nhpolitics
political	ww2
political	windsor
political	greeneconomy
political	usmc
political	bloomberg
political	presidential
political	gaymarriage
political	fema
political	governments
political	localgov
political	ksleg
political	bankingunion
political	eurozone
political	ecofin
political	obamanomics
political	gunviolence
political	samaras
political	strikes
political	minimumwage
political	talkpoverty
political	minister
political	nrcc
political	rino
political	ditchmitch
political	kysen
political	ncsen
political	lasen
political	arsen
political	vasen
political	tories
political	gentrification
political	tahrir
political	muslimbrotherhood
political	harryreid
political	mccain
political	agenda21
political	barack
political	pressfreedom
political	whistleblower
political	occupywallstreet
political	recession
political	cheney
political	delhivote
political	delhipolls
political	modi
political	rahulgandhi
political	bjp4delhi
political	antitrust
political	republicans
political	homophobia
political	atheism
political	senator
political	presidentobama
political	libertarian
political	greenpeace
political	georgewashington
political	sequestration
political	ukgov
political	censorship
political	racialprofiling
political	ftse
political	nyse
political	indices
political	hillaryclinton
political	judaism
political	dalailama
political	palin
political	tpot
political	libdem
political	armenian
political	gayrights
political	legalize
political	buckinghampalace
political	visa
political	birthcontrol
political	deathpenalty
political	sarahpalin
political	prisons
political	anarchism
political	iranians
political	now_eng
political	securitycouncil
political	manamadialogue
political	hizballah
political	nasrallah
political	libdems
political	rajoy
political	letbritaindecide
political	easternpartnership
political	echr
political	scaf
political	r2p
political	marxist
political	vilniussummit
political	act2endassadswar
political	barroso
political	ikhwan
political	alwefaq
political	fl13
political	unsg
political	dpmqs
political	hamas
political	euhrforum
political	referendum
political	khamenei
political	bric
political	myindiamyvote
political	centrist
political	hrw
political	peacekeeping
political	polisario
political	apartheid
political	hezbollah
political	whowillformgovt
political	osce
political	abolishtheirs
political	military_coup
political	unrwa
political	devolution
political	r4bia
political	actpol
political	geocjbhaibhai
political	electionday
political	euromaidan
political	senkaku
political	fmqs
political	citizenship
political	tory
political	bankimoon
political	fairelex
political	flsa
political	alqaeda
political	dictator
political	alshabaab
political	nclb
political	karzai
political	brics
political	burma
political	unga
political	bjp
political	darfur
political	gej
political	morsi
political	westernsahara
political	anp
political	mc9
political	myanmar
political	primeminister
political	sunni
political	euco
political	israeltheregion
political	kpk
political	anticoup
political	csdp
political	shutdownthegop
political	fatca
political	iiss_me
political	miliband
political	cheapjustice
political	migrants
political	fostercare
political	childwelfare
political	unfccc
political	nobamacare
political	ca52
political	republican
political	rnc
political	redstate
political	musharraf
political	tpnn
political	migop
political	nkandla
political	mcconnell
political	defeatobama
political	nfse
political	ma05
political	resist44
political	nonviolence
political	filibuster
political	wdl
political	indyplan
political	sdmayor
political	sdgop
political	ndp
political	justvote
political	cagop
political	lvrj
political	yesscot
political	impeachment
political	voters
political	voteyes
political	pmln
political	upa
political	secretservice
political	rehn
political	democratic
political	wvpol
political	ep2014
political	cong
political	firstamendment
political	secularism
political	zuma
political	idpol
political	alqaida
political	qaeda
political	communalviolencebill
political	elizabethwarren
political	senedd
political	nomiltrials
political	epp
political	bnp
political	protesters
political	mqm
political	goldendawn
political	sp4
political	election2012
political	extremism
political	alp
political	islamists
political	gop2012
political	hollande
political	merkel
political	manmohansingh
political	nazi
political	freealaa
political	supremecourt
political	gaddafi
political	vijayjolly
political	unconstitutional
political	qaddafi
political	citizensunited
political	thefed
political	voter
political	maliki
political	tehelka
political	soviet
political	constitutional
political	communalcongress
political	amendment
political	taliban
political	meps
political	alpolitics
political	erdogan
political	communal
political	wvsen
political	doma
political	osborne
political	anc
political	elections2013
political	dnc
political	pelosi
political	flgov
political	janetyellen
political	netanyahu
political	impeach
political	nafta
political	egov
political	zionist
political	eeas
political	aungsansuukyi
political	putin
political	aap
political	occupythebanks
political	mugabe
political	unhrc
political	indyref
political	termlimits
political	tamarod
political	banjiandijt
political	amnesty
political	anticorruption
political	whistleblowers
political	hillary2016
political	ma5
political	klitschko
political	kenyatta
political	labour
political	militants
political	edwardsnowden
political	fdic
political	hrc
political	sharethefacts
political	dontfundit
political	ausdef
political	qalamoun
political	nowarwithsyria
political	socialist
political	scgop
political	election
political	m23
political	troika
political	impunity
political	haction
political	assad
political	gangrape
political	saudis
political	repealobamacare
political	muzaffarnagar
political	abbas
political	gopshutdown
political	isaf
political	uighur
political	adl
political	protests
political	stratfor
political	namoindelhi
political	fomc
political	liberals
political	andhrapradesh
political	yemeni
political	iraqi
political	sioa
political	geneva2
political	opposition
political	bettertogether
political	ncgop
political	savebangladesh
political	ronaldreagan
political	legislature
political	defundit
political	imf
political	tafta
political	balochistan
political	njpolitics
political	narendramodi
political	senca
political	kagame
political	aqap
political	shia
political	tibet
political	eurocrisis
political	gopfail
political	ableg
political	randpaul
political	iasen
political	looteribahu
political	ekitistate
political	mubarak
political	binladen
political	cablegate
political	voterid
political	nadra
political	aflcio
political	hagel
political	edl
political	amisom
political	antiautocracy
political	ausvotes
political	keating
political	boehner
political	freespeech
political	joebiden
political	southasia
political	egyptians
political	homs
political	auschwitz
political	jfk50
political	break_siege
political	saa
political	ksa
political	cameron
political	islamophobia
political	dickcheney
political	ppp
political	capolitics
political	unsc
political	rahul
political	nirbhaya
sports	wrestling
sports	sports
sports	espn
sports	gators
sports	nhl
sports	baseball
sports	sjsharks
sports	cbj
sports	panthers
sports	marlins
sports	vols
sports	fitness
sports	ncaafb
sports	nfl
sports	ncaa
sports	pac12
sports	ncaaf
sports	heisman
sports	collegefootball
sports	cardinals
sports	gobucks
sports	b1gfootball
sports	sportsbetting
sports	tigers
sports	foxsports
sports	hawkeyes
sports	cheerleading
sports	basketball
sports	workout
sports	bodybuilding
sports	squat
sports	gym
sports	broncos
sports	denvskc
sports	touchdown
sports	swim
sports	athletics
sports	football
sports	buckeyenation
sports	running
sports	hockey
sports	sport
sports	blazers
sports	soccer
sports	flyers
sports	boxing
sports	sharks
sports	formula1
sports	lions
sports	stretching
sports	taekwondo
sports	martialarts
sports	mufc
sports	fishing
sports	mma
sports	crossfit
sports	knicks
sports	calstampeders
sports	gohawks
sports	volleyball
sports	champions
sports	rolltide
sports	heatnation
sports	sabres
sports	habs
sports	nba
sports	supercross
sports	bmx
sports	motocross
sports	fmx
sports	enduro
sports	ktm
sports	rossi
sports	chelsea
sports	penalty
sports	premierleague
sports	referee
sports	surfing
sports	barrowafc
sports	rugbyleague
sports	cycling
sports	basket
sports	lakers
sports	nets
sports	redsox
sports	oilers
sports	federer
sports	nadal
sports	tennis
sports	kings
sports	chicagobulls
sports	bulls
sports	blackhawks
sports	whitesox
sports	adidas
sports	hawks
sports	ufcfightnight33
sports	ufc
sports	rio2016
sports	nascar
sports	horseracing
sports	raptors
sports	fantasybasketball
sports	titans
sports	afc
sports	snowboard
sports	worldcup
sports	skijumping
sports	gymlife
sports	squats
sports	cheerleader
sports	gymnast
sports	lfc
sports	motorsport
sports	rallycross
sports	sebastianvettel
sports	skyf1
sports	sportsbiz
sports	fifa
sports	kaka
sports	realmadrid
sports	gymnastics
sports	olympics
sports	atleti
sports	celtics
sports	ronaldo
sports	sfgiants
sports	rugby
sports	49ers
sports	12thman
sports	mancity
sports	epl
sports	mcfc
sports	manchestercity
sports	watfordfc
sports	arsenal
sports	aguero
sports	fulham
sports	everton
sports	wbafc
sports	efc
sports	tottenham
sports	manunited
sports	silverstone
sports	giants
sports	mlb
sports	pushups
sports	athlete
sports	kungfu
sports	skiing
sports	snowboarding
sports	weightlifting
sports	rugbyunited
sports	indycar
sports	ssrugby
sports	curling
sports	wrestlemania
sports	eagles
sports	pistons
sports	karate
sports	pilates
sports	stadium
sports	cheerleaders
sports	rugbyunion
sports	pele
sports	jogging
sports	redsoxnation
sports	pacers
sports	sundayfootball
sports	mountaineers
sports	dallasstars
sports	liverpoolfc
sports	houstonrockets
sports	messi
sports	kobebryant
sports	gokingsgo
sports	beckham
sports	playoffs
sports	arsenalfc
sports	boxingheads
sports	ufcfightnight
sports	runner
sports	marathon
sports	euroleague
sports	manchesterunited
sports	europaleague
sports	nbaballot
sports	nbaallstar
sports	workouts
sports	dcfcfans
sports	nffc
sports	cafc
sports	bbccricket
sports	bbcfootball
sports	juve
sports	juventus
sports	senna
sports	golakers
sports	eurosport
sports	muaythai
sports	jiujitsu
sports	fcblive
sports	fcbarcelona
sports	fcb
sports	barca
sports	neymar
sports	fantasyfootball
sports	astonvilla
sports	spurs
sports	sixers
sports	mets
sports	76ers
sports	galatasaray
sports	bayernmunich
sports	cska
sports	psg
sports	mhfc
sports	socceroos
sports	brfc
sports	carolinapanthers
sports	americanfootball
sports	buccaneers
sports	rugbyleagueworldcup
sports	orlandomagic
sports	zlatan
sports	timberwolves
sports	wrestler
sports	bryant
sports	goldenstate
sports	warriorstalk
sports	futbol
sports	ncaafootball
sports	pirlo
sports	zidane
sports	motogp
sports	fiorentina
sports	seriea
sports	balotelli
sports	lampard
sports	manofthematch
sports	judo
sports	scubadiving
sports	ibra
sports	cavani
sports	acmilan
sports	uefa
sports	delpiero
sports	inter
sports	nikefootball
sports	lazio
sports	tevez
sports	london2012
sports	giantsnation
sports	newyorkgiants
sports	sportsnews
sports	superleague
sports	dunk
sports	maradona
sports	skyfootball
sports	ssfootball
sports	nyi
sports	forzamilan
sports	ancelotti
sports	sonics
sports	playoff
sports	hockeynight
sports	ligue1
sports	eurocup
sports	chicagobears
sports	cristiano
sports	playmaker
sports	ibrahimovic
sports	espn2
sports	premiereleague
sports	footballers
sports	avfclive
sports	ufc160
sports	league1
sports	drfc
sports	safc
sports	twitterwhites
sports	clarets
sports	saddlers
sports	ictfc
sports	millwall
sports	echl
sports	hmfc
sports	asfc
sports	trfc
sports	bwfc
sports	ycfc
sports	qsteaser
sports	one2eleven
sports	itfc
sports	swfc
sports	ltfc
sports	wwfc
sports	whufc
sports	oufc
sports	millwallfc
sports	htafc
sports	goraiders
sports	chivas
sports	parkour
sports	freerunning
sports	tnf
sports	houvsjax
sports	watersports
sports	cyclists
sports	wakeboarding
sports	paddleboard
sports	httr
sports	redskinsnation
sports	2014worldcup
sports	wawaw
sports	lufc
sports	nufc
sports	ptfc
sports	guarin
sports	hcafc
sports	chelseafc
sports	cpfc
sports	eredivisie
sports	bcafc
sports	ahl
sports	grosjean
sports	nani
sports	qpr
sports	hulkenberg
sports	coywm
sports	lofc
sports	njdevils
sports	indy500
sports	yepleeds
sports	lukaku
sports	zanetti
sports	njd
sports	uswnt
sports	htfc
sports	howaythelads
sports	vitesse
sports	ytfc
sports	islanders
sports	fantasyhockey
sports	whu
sports	canadiens
sports	blackpoolfc
sports	mapleleafs
sports	whulive
sports	wnbl
sports	lahm
sports	dbacks
sports	coyl
sports	moyes
sports	marlies
sports	avfc
sports	mattrushmore
sports	cbcsports
sports	mata
sports	barnsleyfc
sports	chelseafamily
sports	mourinho
sports	azzurri
sports	lewandowski
sports	rufc
sports	maldonado
sports	ribery
sports	coyh
sports	alonso
sports	uto
sports	benteke
sports	giroud
sports	u21
sports	flamini
sports	wilshere
sports	bendtner
sports	falcao
sports	rays
sports	ballondor
sports	gtfc
sports	astalk
sports	fellaini
sports	scholes
sports	championsleague
sports	wenger
sports	xavi
sports	khl
sports	rovers
sports	adoaja
sports	reds
sports	buryfc
sports	pufc
sports	v8supercars
sports	lcfc
sports	league2
sports	torontofc
sports	walcott
sports	finalscore
sports	bluejackets
sports	manu
sports	nasl
sports	bristolrovers
sports	spl
sports	tblightning
sports	gooners
sports	ozil
sports	scfc
sports	comeoncity
sports	feyenoord
sports	dravid
sports	nyislanders
sports	bplonnbc
sports	ivanovic
sports	bostonbruins
sports	leagueone
sports	theposh
sports	tufc
sports	ncfc
sports	westham
sports	canucks
sports	hurricanes
sports	bhafc
sports	sufc
sports	hammers
sports	torres
sports	diamondbacks
sports	ellsbury
sports	rvp
sports	capitals
sports	coyi
sports	coyotes
sports	fantasybaseball
sports	leafs
sports	utt
sports	sens
sports	ccfcvafc
sports	ffc
sports	iniesta
sports	rabodirectpro12
sports	wba
sports	okcbarons
sports	giggsy40
sports	goblues
sports	ntfc
sports	predators
sports	ohl
sports	pafc
sports	wleague
sports	casillas
sports	fatrophy
sports	dallasmavericks
sports	pvfc
sports	stokecity
sports	blackcaps
sports	cfc
sports	twitterclarets
sports	awaydays
sports	reddevils
sports	timbers
sports	rmcf
sports	gooner
sports	nbadl
sports	mntwins
sports	tanaka
sports	ausveng
sports	scarlets
sports	whitecapsfc
sports	afcvhcfc
sports	readingfc
sports	bafc
sports	baggies
sports	gunners
sports	insidepitch
sports	sfglive
sports	ccmfc
sports	goonerfamily
sports	robben
sports	rooney
sports	ufl
sports	devils
sports	mkdons
sports	twitnewsnow
sports	skyblues
sports	teamoftheyear
sports	boilermakers
sports	forceindia
sports	freeagency
sports	hotstove
sports	jeter
sports	vettel
sports	avsnotes
sports	latics
sports	lovin
sports	b1g
sports	beltran
sports	clevelandbrowns
sports	gerrard
sports	steeler
sports	arod
sports	kohli
sports	proteas
sports	facup
sports	absaprem
sports	afca
sports	drogba
sports	hibees
sports	giantschat
sports	ramos
sports	yankees
sports	astros
sports	brentfordfc
sports	devilsarmy
sports	uniteaus
sports	westbrom
sports	phillies
sports	bundesliga
sports	ftfc
sports	januzaj
sports	wycombewanderers
sports	savsind
sports	hufc
sports	coyg
sports	nyg
sports	bearstalk
sports	rangers
sports	boknows
sports	ggmu
sports	raiderstalk
sports	redsoxtalk
sports	btsport
sports	coutinho
sports	kimi
sports	redwings
sports	toonarmy
sports	bellator
sports	dcfc
sports	icehogs
sports	goalmachine
sports	letsgodevils
sports	tko2013
sports	bostonredsox
sports	anderlecht
sports	ctfc
sports	tasvnsw
sports	afcb
sports	laliga
sports	celticstalk
sports	dleague
sports	dodgers
sports	hibs
sports	mavs
sports	bpl
sports	mariners
sports	engvaus
sports	usmnt
sports	wec
sports	dawgpound
sports	penstrivia
sports	weareacmilan
sports	afcvccfc
sports	proteafire
sports	ramsey
sports	washingtonnationals
sports	nyyankees
sports	suarez
sports	gotheblues
sports	tfc
sports	aussiesabroad
sports	bengals
sports	probowl
sports	atlhawks
sports	giggsat40
sports	gmen
sports	itk
sports	otbc
sports	trailblazers
sports	bcci
sports	scoreupdate
sports	indvsa
sports	returntheurn
sports	top14
sports	thinkblue
sports	cfcfamily
sports	crosby
sports	engvsaus
sports	nym
sports	rsca
sports	barnetfc
sports	hof
sports	nflpa
sports	napoli
sports	amerks
sports	bbcsportsday
sports	tripledouble
sports	brooklynnets
sports	tebowtime
sports	wivnz
sports	rmlive
sports	bristolcity
sports	fcdallas
sports	orioles
sports	topoftheleague
sports	dhoni
sports	romo
sports	pogba
sports	stlcards
sports	wizpacers
sports	manutd
sports	backinblack
technology	webinar
technology	socialmediamarketing
technology	startup
technology	podcast
technology	sony
technology	mobilephotography
technology	lumix
technology	ebay
technology	zoom
technology	vimeo
technology	nerd
technology	salesforce
technology	mobiledevices
technology	tech
technology	hrtech
technology	apis
technology	facebook
technology	ibm
technology	sap
technology	intranet
technology	sharepoint
technology	yammer
technology	webapps
technology	saas
technology	youtube
technology	ipad
technology	macbook
technology	apple
technology	iphone5
technology	iphoneonly
technology	bitcoin
technology	lexus
technology	linkedin
technology	digital
technology	crazy
technology	skype
technology	itunes
technology	hulu
technology	web
technology	mac
technology	googleplay
technology	android
technology	camera
technology	kodak
technology	website
technology	photoshop
technology	html
technology	font
technology	fonts
technology	datacenter
technology	powerpoint
technology	startups
technology	blog
technology	google
technology	canon
technology	mining
technology	ram
technology	application
technology	technology
technology	blogs
technology	amazon
technology	tweets
technology	software
technology	www
technology	dvd
technology	iphone
technology	internet
technology	twitter
technology	blogging
technology	digitalmarketing
technology	hackathon
technology	datamining
technology	iphoneapp
technology	ios
technology	appstore
technology	freeapp
technology	smartphones
technology	iphone5s
technology	iphonesia
technology	php
technology	iphone4
technology	videochat
technology	mobileapp
technology	electronics
technology	flickr
technology	hashtag
technology	kindle
technology	geek
technology	thinkgeek
technology	scientists
technology	genomics
technology	ict
technology	computer
technology	pharmacogenomics
technology	socialmedia
technology	snapchat
technology	galaxy
technology	proxy
technology	hashtagging
technology	github
technology	dns
technology	devops
technology	ddos
technology	hackers
technology	domainnames
technology	domains
technology	icann
technology	ietf
technology	iana
technology	1net
technology	dnssec
technology	freebsd
technology	infosec
technology	p2p
technology	servers
technology	vps
technology	malware
technology	cybercrime
technology	email
technology	openstack
technology	ipv6
technology	hacks
technology	bash
technology	code
technology	linux
technology	script
technology	ipv4
technology	hacking
technology	cloud9
technology	nexus
technology	samsung
technology	droid
technology	nexus5
technology	nexus4
technology	hardware
technology	exploit
technology	yahoo
technology	microsoft
technology	hacker
technology	groupon
technology	snowden
technology	whatsapp
technology	passwords
technology	bing
technology	cybersecurity
technology	gmail
technology	hack
technology	digitalmedia
technology	spotify
technology	tweeting
technology	hashtags
technology	seo
technology	tweet
technology	coursera
technology	bitcoins
technology	cpp
technology	lamp
technology	memes
technology	chrome
technology	stem
technology	lcd
technology	dell
technology	notebook
technology	kickstarter
technology	windowsphone
technology	touchscreen
technology	siemens
technology	illustrator
technology	edtech
technology	apps
technology	battery
technology	charger
technology	bigdata
technology	instag_app
technology	java
technology	ipod
technology	logitech
technology	headset
technology	tablet
technology	tablets
technology	bioinformatics
technology	chromebooks
technology	ipads
technology	html5
technology	laptop
technology	laptops
technology	windows
technology	asus
technology	toshiba
technology	chromebook
technology	surface
technology	hightech
technology	techcrunch
technology	techtalk
technology	msft
technology	goog
technology	acer
technology	wordpress
technology	paypal
technology	vga
technology	gpu
technology	icloud
technology	backup
technology	dropbox
technology	googledrive
technology	skydrive
technology	ibooks
technology	firefox
technology	ios7
technology	iphoneproblems
technology	cloudstorage
technology	spam
technology	iphoto
technology	iphone4s
technology	opendata
technology	intel
technology	commodore
technology	programmers
technology	oracle
technology	myspace
technology	drones
technology	prism
technology	url
technology	irc
technology	lulzsec
technology	firefoxos
technology	youtuber
technology	bloggers
technology	olympus
technology	golang
technology	onlineshop
technology	robotics
technology	robots
technology	mobilemarketing
technology	emailmarketing
technology	slideshare
technology	excel
technology	openaccess
technology	byod
technology	cloudcomputing
technology	elearning
technology	mlearning
technology	edtechchat
technology	api
technology	rfid
technology	json
technology	hamradio
technology	macbookpro
technology	doodle
technology	wacom
technology	adobe
technology	cisco
technology	electriccar
technology	plugin
technology	developers
technology	galaxyfamily
technology	emails
technology	inboundmarketing
technology	inbound
technology	googlemaps
technology	geeks
technology	webex
technology	acrobat
technology	aol
technology	ieee
technology	acm
technology	webdev
technology	3dprinting
technology	panasonic
technology	nokia
technology	lumia
technology	quora
technology	htc
technology	blogfest
technology	garmin
technology	drupal
technology	geolocation
technology	imessage
technology	python
technology	windowsxp
technology	hastag
technology	windows7
technology	windows8
technology	vmware
technology	computers
technology	sqlserver
technology	upgrade
technology	thinkpad
technology	hacked
technology	monitor
technology	googleplus
technology	windows81
technology	mobilepayments
technology	iphoneography
technology	biofuels
technology	biodiesel
technology	biofuel
technology	smartphone
technology	cellphone
technology	tmobile
technology	ewaste
technology	radioshack
technology	fitbit
technology	smartwatch
technology	wearables
technology	wearabletech
technology	devices
technology	torrent
technology	techjobs
technology	itsecurity
technology	symantec
technology	predictiveanalytics
technology	desktop
technology	agile
technology	pixel
technology	podcasting
technology	billgates
technology	geospatial
technology	xerox
technology	ebaymobile
technology	higgsboson
technology	iwatch
technology	oled
technology	retina
technology	siri
technology	qualcomm
technology	internetofthings
technology	heyyouapp
technology	fiverr
technology	qrcode
technology	cassini
technology	javascript
technology	css3
technology	voip
technology	crowdsource
technology	leanstartup
technology	coldfusion
technology	spellcheck
technology	theinternet
technology	informatica
technology	aaronswartz
technology	litecoin
technology	visualstudio
technology	windowsazure
technology	imaginecup
technology	vs2013
technology	webdevelopment
technology	searchengines
technology	forum
technology	rstats
technology	datascience
technology	bluetooth
technology	chromecast
technology	lenovo
technology	machinelearning
technology	pdf
technology	arduino
technology	opensource
technology	googleglass
technology	fpga
technology	ssl
technology	compression
technology	mysql
technology	safari
technology	eos
technology	verizon
technology	fastrack
technology	accenture
technology	sql
technology	applications
technology	xperia
technology	hdtv
technology	reddit
technology	algorithms
technology	iss
technology	ces
technology	windowsserver
technology	3dsmax
technology	gnome
technology	raspberrypi
technology	azure
technology	bookmark
technology	cgi
technology	ppc
technology	msn
technology	ie11
technology	paas
technology	flipboard
technology	zune
technology	dashboard
technology	admin
technology	ssd
technology	galaxynote
technology	googlesearch
technology	samsunglove
technology	oss
technology	amiga
technology	wwdc
technology	wireless
technology	ibmconnect
technology	hootsuite
technology	ibmcloud
technology	hadoop
technology	erlang
technology	mongodb
technology	node
technology	mapreduce
technology	jboss
technology	ipadair
technology	lumia1020
technology	nexus7
technology	webdeveloper
technology	galaxynote3
technology	jellybean
technology	antivirus
technology	kaspersky
technology	norton
technology	firewall
technology	unix
technology	cpu
technology	smartcloud
technology	mainframe
technology	platforms
technology	nosql
technology	ibmstorage
technology	socialnetwork
technology	epub
technology	joomla
technology	jquery
technology	bootstrap
technology	plugins
technology	iaas
technology	powershell
technology	cloudsecurity
technology	vcloud
technology	vsphere
technology	ec2
technology	hybridcloud
technology	sketchup
technology	dotnet
technology	csharp
technology	scala
technology	aspnet
technology	ide
technology	mvc
technology	webservices
technology	xaml
technology	win8dev
technology	rails
technology	git
technology	perl
technology	browser
technology	audiobook
technology	onenote
technology	win8
technology	galaxytab
technology	xperiaz
technology	viber
technology	silverlight
technology	windowsstore
technology	databases
technology	riak
technology	ios6
technology	vaio
technology	mssql
technology	amazonmp3
technology	itunesmusic
technology	webapp
technology	haswell
technology	hdmi
technology	semanticweb
technology	dartlang
technology	ultrabook
technology	jvm
technology	lumia920
technology	lumia1520
technology	switchtolumia
technology	mcafee
technology	infosecurity
technology	galaxys3
technology	activedirectory
technology	slackware
technology	linkeddata
technology	cuda
technology	xen
technology	alienware
technology	passbook
technology	middleware
technology	stackoverflow
technology	debian
technology	phonegap
technology	cloudstack
technology	hbase
technology	bbtips
technology	sp2013
technology	winrt
technology	ringtones
technology	technologies
technology	virtualization
technology	portalmcu
technology	keywords
technology	angularjs
technology	semantic
technology	interface
technology	ukoug_tech13
technology	hyperv
technology	hotmail
technology	db12c
technology	lightswitch
technology	netbook
technology	adwords
technology	nodejs
technology	unlockedsmartphone
technology	sharepoint2013
technology	webmaster
technology	aws
technology	seotips
technology	winserv
technology	vsan
technology	sfdc
technology	salesforce1
technology	tweetdeck
technology	sourcecode
technology	dataviz
technology	wikipedia
technology	rubyonrails
technology	forcedotcom
technology	rdma
technology	ibmiod
technology	framework
technology	cloudera
technology	magento
technology	netapp
technology	responsivedesign
technology	office365
technology	exadata
technology	wix
technology	router
technology	broadcom
technology	wdisplay
technology	adtech
technology	chaton
technology	hmi
technology	notebooks
technology	bandwidth
technology	microcontroller
technology	evernote
technology	fedora
technology	androiddev
technology	websitedesign
technology	vdi
technology	msbi
technology	svn
technology	itblogs
technology	gs4
technology	emoji
technology	snapdragon
technology	privatecloud
technology	esri
technology	ccie
technology	turbine
technology	db2
technology	wpf
technology	waze
technology	sysadmin
technology	redhat
technology	e85
technology	teamandroid
technology	server
technology	gnu
technology	apidays
technology	ivr
technology	futuretech
technology	telepresence
technology	webcenter
technology	sensors
technology	scripts
technology	itpro
technology	calculator
technology	wlan
technology	owasp
technology	semantics
technology	oop
technology	elance
technology	atlassian
technology	webhost
technology	smarthome
technology	mhealth
technology	linkbuilding
technology	rwd
technology	gartneraadi
technology	ccnp
technology	stumbleupon
technology	sccm
technology	netsuite
technology	mcommerce
technology	citrix
technology	indesign
technology	ccna
technology	eset
technology	blackhat
technology	behance
technology	vaping
technology	telematics
technology	supercomputer
technology	sdk
technology	module
technology	lhc
technology	keyword
technology	batteries
technology	arcgis
technology	solidedge
technology	searchmarketing
technology	nodesummit
technology	makerbot
technology	appdev
technology	revit
technology	unlocked
technology	sysctr
technology	programming
technology	macpro
technology	z10
technology	citizenscience
technology	topicmaps
technology	inventor
technology	frontend
technology	components
technology	wp8
technology	sparc
technology	ecoboost
technology	lenses
technology	gis
technology	4sq
technology	paidsearch
technology	homeautomation
technology	cloudservices
technology	authentication
technology	wpdev
technology	mvajumpstart
technology	mobilebanking
technology	hpc
technology	algebra
technology	graphene
technology	sclass
technology	googleanalytics
technology	sem
technology	iosdev
technology	compsci
technology	maths
technology	geometry
technology	math
technology	googledoodle
technology	physics
technology	higgs
technology	statistics
technology	telescope
technology	cern
technology	quantum
technology	science
technology	hdr
technology	bioenergy
technology	greentech
technology	solarenergy
technology	cleantech
technology	harddrives
technology	wechat
technology	firstnet
technology	emm
technology	lte
technology	ipadchat
technology	idrtg
technology	cognos
technology	pbx
technology	tizen
technology	twtr
technology	heroku
technology	macrumors
technology	saphana
technology	phones
technology	ict4d
technology	hacktivism
technology	cfml
technology	airplay
technology	cellphones
technology	newgtlds
technology	windowsphone8
technology	iphones
technology	twittertips
technology	newstech
technology	mdm
technology	ethernet
technology	mozilla
technology	slashgear
technology	ipad2
technology	itsm
technology	nptech
technology	cs6
technology	creativecloud
technology	programmer
technology	contactless
technology	ericsson
technology	ipodtouch
technology	isoc
technology	lync
technology	mobilesecurity
technology	softlayer
technology	jumia
technology	systemz
technology	mobiles
technology	mobiletech
technology	phablet
technology	motorola
technology	ceagreen
technology	broadband
technology	wifi
technology	sapteched
technology	hacktivist
technology	domaining
technology	ubuntu
technology	metadata
technology	webrtc
technology	automate
technology	lgg2
technology	df13
technology	polycom
technology	enterprisemobility
technology	blackberry
technology	eventtech
technology	techtips
technology	nfv
technology	zimbra
technology	ipad3
technology	cnet
technology	ftth
technology	udemy
technology	usb
technology	mspartner
technology	z30
technology	ensw
technology	smartwatches
technology	techsupport
technology	huawei
technology	htconemax
technology	aaplcompany
technology	itnews
technology	rackspace
technology	nokialumia1020
technology	techtip
technology	jolla
technology	file
technology	w3c
technology	meetup
technology	automation
technology	nvidia
technology	developer
technology	mobilefirst
technology	fujitsu
technology	nokialumia
technology	applenews
technology	zte
technology	iclarified
technology	ipaded
technology	dslr
technology	gozaik
technology	printer
technology	godaddy
technology	edapps
technology	harddrive
technology	turing
technology	ereader
technology	cyberspace
technology	mobilink
technology	avaya
technology	lightroom
technology	biztech
technology	priceline
technology	printers
technology	nerdalert
technology	telco
technology	oggl
technology	scada
technology	googleapps
technology	egh
technology	iphone5c
technology	sennheiser
technology	inc5000
technology	fcpx
technology	csco
technology	androidnews
technology	ibmsmb
technology	cyberwar
technology	surface2
technology	pentax
technology	imax
technology	vizio
technology	indexing
technology	webhosting
technology	motog
technology	xperiaz1
technology	m4d
technology	dreamweaver
technology	teamblackberry
technology	edapp
technology	nanotechnology
technology	themes
technology	ces2014
technology	css
technology	itcenter
technology	lifehacker
technology	geoint
technology	ndclondon
technology	storify
technology	coding
technology	mobile
technology	vpn
technology	lyncconfcan
technology	micromax
technology	cyberwarfare
technology	appsec
technology	embedded
technology	telcos
technology	touchid
technology	imac
technology	autocad
technology	social_media
technology	m2m
technology	netneutrality
technology	socmed
technology	securityaffairs
technology	em12c
technology	netsec
technology	qrcodes
technology	computing
technology	smx
technology	softwareengineer
technology	computerscience
technology	database
technology	sandisk
technology	ncsam
technology	nanotech
technology	semiconductor
technology	osx
technology	dev
technology	gartnerdc
technology	encryption
technology	ddj
technology	itil
technology	databreach
technology	hpconverge
technology	sc13
technology	fujifilm
technology	lumia2520
technology	epson
technology	monetization
technology	polaroid
technology	websphere
technology	newseum
technology	vulnerabilities
technology	vzwbuzz
technology	ror
technology	forms
technology	emc
technology	stevejobs
technology	iot
technology	gioneee7
technology	sm4np
technology	smp
technology	ioe
technology	techcomm
technology	ecore
technology	inteltablets
technology	sensor
technology	conceptdraw
technology	vray
technology	o365
technology	gplus
technology	mashable
technology	scn
technology	printmaking
technology	cloud
technology	c300
technology	datacenters
technology	jailbreak
technology	dfir
technology	cyberattacks
technology	lidar
technology	ibmpartners
technology	websites
technology	rmit
technology	autodesk
technology	botnets
technology	datasecurity
technology	socialnetworking
technology	engineer
technology	cybersec
technology	shapeways
technology	technews
technology	motox
technology	nikon
technology	hpdiscover
technology	hci
technology	womenintech
technology	webgl
technology	svg
technology	samsungtips
technology	networksecurity
technology	cyberattack
technology	nist
technology	techtuesday
technology	robot
technology	samsunggalaxy